{
    "Event": {
        "Name": "pyLIMA Example Event"
    },
    "Model": {
        "Type": "PSPL"
    },
    "FitParameters": {
        "Parameters": {
            "t0": [
                0,
                [
                    2459073.5,
                    2459173.5
                ]
            ],
            "u0": [
                1,
                [
                    -1.0,
                    1.0
                ]
            ],
            "tE": [
                2,
                [
                    0.1,
                    500
                ]
            ],
            "fsource_OGLE": [
                3,
                [
                    0.0,
                    57551.404392837096
                ]
            ],
            "ftotal_OGLE": [
                4,
                [
                    0,
                    57551.404392837096
                ]
            ]
        }
    },
    "FitPriors": {
        "Parameters": {
            "t0": [
                0,
                [
                    2459073.5,
                    2459173.5
                ]
            ],
            "u0": [
                1,
                [
                    -1.0,
                    1.0
                ]
            ],
            "tE": [
                2,
                [
                    0.1,
                    500
                ]
            ],
            "fsource_OGLE": [
                3,
                [
                    0.0,
                    57551.404392837096
                ]
            ],
            "ftotal_OGLE": [
                4,
                [
                    0,
                    57551.404392837096
                ]
            ]
        }
    },
    "FitResults": {
        "best_model": [
            2459123.4853082867,
            0.09807738136752239,
            25.316701002391678,
            5657.928976354312,
            5746.601078360601
        ],
        "chi2": 79.73247460511259,
        "fit_time": 0.11444568634033203,
        "covariance_matrix": [
            [
                0.0001495773381466513,
                -6.023604264186601e-09,
                -2.137349227897961e-06,
                0.0004374097456386158,
                9.04280329910151e-05
            ],
            [
                -6.0236042641245865e-09,
                5.8465979115511785e-06,
                -0.0010275100760012638,
                0.3258352125260122,
                0.03790270653929869
            ],
            [
                -2.1373492279094637e-06,
                -0.001027510076001263,
                0.19423866987389382,
                -59.85196376508207,
                -7.599019049827758
            ],
            [
                0.00043740974564224807,
                0.325835212526012,
                -59.8519637650821,
                18818.147945130757,
                2236.3390668835095
            ],
            [
                9.042803299144417e-05,
                0.03790270653929858,
                -7.599019049827745,
                2236.3390668835045,
                374.091121115625
            ]
        ]
    }
}